universidad_nombre,institucion_nombre,institucion_direccion,api,coordenadas,Unnamed: 5,Unnamed: 6,Unnamed: 7,Unnamed: 8,Unnamed: 9,Unnamed: 10,Unnamed: 11,Unnamed: 12,Unnamed: 13,Unnamed: 14,Unnamed: 15,Unnamed: 16,Unnamed: 17,Unnamed: 18,Unnamed: 19,Unnamed: 20,Unnamed: 21,Unnamed: 22,Unnamed: 23,Unnamed: 24,Unnamed: 25,lat,lon,departamento_id,departamento_nombre,municipio_id,municipio_nombre,provincia_id,provincia_nombre,latitud,longitud
Escuela Universitaria de Teologia,Escuela Universitaria de Teologia,Pasaje Catedral 1750,,"-36.4494181,-57.7686044",,,,,,,,,,,,,,,,,,,,,,-36.4494181,-57.7686044,06238,Dolores,060238,Dolores,06,Buenos Aires,-36.4494181,-57.7686044
Facultad Latinoamericana de Ciencias Sociales,Facultad Latinoamericana de Ciencias Sociales,Tucumán 1966,,"-34.6021735,-58.3972997",,,,,,,,,,,,,,,,,,,,,,-34.6021735,-58.3972997,02021,Comuna 3,,,02,Ciudad Autónoma de Buenos Aires,-34.6021735,-58.3972997
Instituto Tecnológico de Buenos Aires,Instituto Tecnológico de Buenos Aires,Av. Eduardo Madero 399,http://apis.datos.gob.ar/georef/api/direcciones?direccion=Av. Eduardo Madero 399&provincia=2,"-34.6028340446427,-58.368183272295",,,,,,,,,,,,,,,,,,,,,,-34.6028340446427,-58.368183272295,02007,Comuna 1,,,02,Ciudad Autónoma de Buenos Aires,-34.6028340446427,-58.368183272295
Instituto Universitario Aeronáutico,Instituto Universitario Aeronáutico,Av. Fuerza Aerea Argentina 6500,http://apis.datos.gob.ar/georef/api/direcciones?direccion=Av. Fuerza Aerea Argentina 6500&provincia=14,"-31.4337174,-64.2779779",,,,,,,,,,,,,,,,,,,,,,-31.4337174,-64.2779779,14014,Capital,140077,Córdoba,14,Córdoba,-31.4337174,-64.2779779
Instituto Universitario CEMIC,Instituto Universitario CEMIC,Valdenegro 4337,,"-34.5547176,-58.4972877",,,,,,,,,,,,,,,,,,,,,,-34.5547176,-58.4972877,02084,Comuna 12,,,02,Ciudad Autónoma de Buenos Aires,-34.5547176,-58.4972877
Instituto Universitario de Ciencias Biomedicas de Córdoba,Instituto Universitario de Ciencias Biomedicas de Córdoba,Naciones Unidas 400-440,,"-31.4421202,-64.2033758",,,,,,,,,,,,,,,,,,,,,,-31.4421202,-64.2033758,14014,Capital,140077,Córdoba,14,Córdoba,-31.4421202,-64.2033758
Instituto Universitario de Ciencias de la Salud de la Fundación Barceló,Instituto Universitario de Ciencias de la Salud de la Fundación Barceló,Av. Gral. Las Heras 1907,,"-34.5951617,-58.4021427",,,,,,,,,,,,,,,,,,,,,,-34.5951617,-58.4021427,02014,Comuna 2,,,02,Ciudad Autónoma de Buenos Aires,-34.5951617,-58.4021427
Instituto Universitario de Gendarmeria Nacional,Instituto Universitario de Gendarmeria Nacional,Av. Paseo Colón 533,,"-34.6142528,-58.371724",,,,,,,,,,,,,,,,,,,,,,-34.6142528,-58.371724,02007,Comuna 1,,,02,Ciudad Autónoma de Buenos Aires,-34.6142528,-58.371724
Instituto Universitario de la Policía Federal Argentina,Instituto Universitario de la Policía Federal Argentina,Rosario 532,,"-34.6196133,-58.4382653",,,,,,,,,,,,,,,,,,,,,,-34.6196133,-58.4382653,02042,Comuna 6,,,02,Ciudad Autónoma de Buenos Aires,-34.6196133,-58.4382653
Instituto Universitario de Salud Mental de la Asociación Psicoanalítica de Buenos Aires,Instituto Universitario de Salud Mental de la Asociación Psicoanalítica de Buenos Aires,Báez 248,,"-34.567895,-58.4361568",,,,,,,,,,,,,,,,,,,,,,-34.567895,-58.4361568,02098,Comuna 14,,,02,Ciudad Autónoma de Buenos Aires,-34.567895,-58.4361568
Instituto Universitario de Seguridad Marítima,Instituto Universitario de Seguridad Marítima,Av. Corrientes 345,,"-34.6030978,-58.3739408",,,,,,,,,,,,,,,,,,,,,,-34.6030978,-58.3739408,02007,Comuna 1,,,02,Ciudad Autónoma de Buenos Aires,-34.6030978,-58.3739408
"Instituto Universitario del Ejército ""Mayor Francisco Romero""","Instituto Universitario del Ejército ""Mayor Francisco Romero""",Av. Cabildo 65,http://apis.datos.gob.ar/georef/api/direcciones?direccion=Av. Cabildo 65&provincia=2,"-34.57439170160686,-58.43650022052455",,,,,,,,,,,,,,,,,,,,,,-34.57439170160686,-58.43650022052455,02098,Comuna 14,,,02,Ciudad Autónoma de Buenos Aires,-34.57439170160686,-58.43650022052455
Instituto Universitario del Gran Rosario,Instituto Universitario del Gran Rosario,Corrientes 1254,,"-32.9512965,-60.6460659",,,,,,,,,,,,,,,,,,,,,,-32.9512965,-60.6460659,82084,Rosario,,,82,Santa Fe,-32.9512965,-60.6460659
Instituto Universitario Escuela Argentina de Negocios,Instituto Universitario Escuela Argentina de Negocios,Av. Córdoba 1690,,"-34.5997447,-58.3934405",,,,,,,,,,,,,,,,,,,,,,-34.5997447,-58.3934405,02021,Comuna 3,,,02,Ciudad Autónoma de Buenos Aires,-34.5997447,-58.3934405
Instituto Universitario Escuela de Medicina del Hospital Italiano,Instituto Universitario Escuela de Medicina del Hospital Italiano,Potosí 4265,,"-34.6071979,-58.4291149",,,,,,,,,,,,,,,,,,,,,,-34.6071979,-58.4291149,02035,Comuna 5,,,02,Ciudad Autónoma de Buenos Aires,-34.6071979,-58.4291149
Instituto Universitario Escuela Superior de Economía y Administración de Empresas,Instituto Universitario Escuela Superior de Economía y Administración de Empresas,Uriarte 2472,,"-34.5809241,-58.4253568",,,,,,,,,,,,,,,,,,,,,,-34.5809241,-58.4253568,02098,Comuna 14,,,02,Ciudad Autónoma de Buenos Aires,-34.5809241,-58.4253568
Instituto Universitario ISEDET,Instituto Universitario ISEDET,Camacuá 282,,"-34.6307959,-58.4656187",,,,,,,,,,,,,,,,,,,,,,-34.6307959,-58.4656187,02049,Comuna 7,,,02,Ciudad Autónoma de Buenos Aires,-34.6307959,-58.4656187
Instituto Universitario Italiano de Rosario,Instituto Universitario Italiano de Rosario,Crespo 843,,"-32.9415838,-60.6705633",,,,,,,,,,,,,,,,,,,,,,-32.9415838,-60.6705633,82084,Rosario,,,82,Santa Fe,-32.9415838,-60.6705633
"Instituto Universitario Nacional de Derechos Humanos ""Madres de Plaza de Mayo""","Instituto Universitario Nacional de Derechos Humanos ""Madres de Plaza de Mayo""",Av. Pueyrredón 19,,"-34.6097284,-58.4079993",,,,,,,,,,,,,,,,,,,,,,-34.6097284,-58.4079993,02021,Comuna 3,,,02,Ciudad Autónoma de Buenos Aires,-34.6097284,-58.4079993
Instituto Universitario Nacional del Arte,Instituto Universitario Nacional del Arte,Azcuénaga 1129,,"-34.5946906,-58.4018519",,,,,,,,,,,,,,,,,,,,,,-34.5946906,-58.4018519,02014,Comuna 2,,,02,Ciudad Autónoma de Buenos Aires,-34.5946906,-58.4018519
Instituto Universitario Naval,Instituto Universitario Naval,Francisco Narciso de Laprida 555,,"-34.5945248,-58.469703",,,,,,,,,,,,,,,,,,,,,,-34.5945248,-58.469703,02105,Comuna 15,,,02,Ciudad Autónoma de Buenos Aires,-34.5945248,-58.469703
Instituto Universitario Patagónico de las Artes,Instituto Universitario Patagónico de las Artes,"Rivadavia 2263,",,"-39.0178878,-67.5960898",,,,,,,,,,,,,,,,,,,,,,-39.0178878,-67.5960898,62042,General Roca,620161,Gral. Roca,62,Río Negro,-39.0178878,-67.5960898
Instituto Universitario River Plate,Instituto Universitario River Plate,Av. Pres. Figueroa Alcorta 7597,,"-34.5453018,-58.4519636",,,,,,,,,,,,,,,,,,,,,,-34.5453018,-58.4519636,02091,Comuna 13,,,02,Ciudad Autónoma de Buenos Aires,-34.5453018,-58.4519636
Pontificia Universidad Católica Argentina Santa María de los Buenos Aires,Pontificia Universidad Católica Argentina Santa María de los Buenos Aires,AvENIDA Alicia Moreau de Justo 1600,http://apis.datos.gob.ar/georef/api/direcciones?direccion=AvENIDA Alicia Moreau de Justo 1600&provincia=2,"-34.6148453,-58.3668853",,,,,,,,,,,,,,,,,,,,,,-34.6148453,-58.3668853,02007,Comuna 1,,,02,Ciudad Autónoma de Buenos Aires,-34.6148453,-58.3668853
Universidad  Favaloro,Universidad  Favaloro,Av. Entre Ríos 495,,"-34.6148113,-58.3940258",,,,,,,,,,,,,,,,,,,,,,-34.6148113,-58.3940258,02021,Comuna 3,,,02,Ciudad Autónoma de Buenos Aires,-34.6148113,-58.3940258
Universidad Abierta Interamericana,Universidad Abierta Interamericana,Av. San Juan 951,http://apis.datos.gob.ar/georef/api/direcciones?direccion=Av. San Juan 951&provincia=2," -34.6221199173329, -58.379325181549746",,,,,,,,,,,,,,,,,,,,,, -34.6221199173329, -58.379325181549746,02007,Comuna 1,,,02,Ciudad Autónoma de Buenos Aires, -34.6221199173329, -58.379325181549746
Universidad Adventista del Plata,Universidad Adventista del Plata,25 de mayo 99,http://apis.datos.gob.ar/georef/api/direcciones?direccion=25 de mayo 99,"-32.0759594,-60.4665987",,,,,,,,,,,,,,,,,,,,,,-32.0759594,-60.4665987,30021,Diamante,,,30,Entre Ríos,-32.0759594,-60.4665987
Universidad Argentina de la Empresa,Universidad Argentina de la Empresa,Lima 775,http://apis.datos.gob.ar/georef/api/direcciones?direccion=Lima 775,"-34.6173746323554,-58.381525671564",,,,,,,,,,,,,,,,,,,,,,-34.6173746323554,-58.381525671564,02007,Comuna 1,,,02,Ciudad Autónoma de Buenos Aires,-34.6173746323554,-58.381525671564
Universidad Argentina John F. Kennedy,Universidad Argentina John F. Kennedy,Bartolomé Mitre 1411,http://apis.datos.gob.ar/georef/api/direcciones?direccion=Bartolomé Mitre 1411&provincia=2,"-34.60762266844467,-58.38645625343852",,,,,,,,,,,,,,,,,,,,,,-34.60762266844467,-58.38645625343852,02007,Comuna 1,,,02,Ciudad Autónoma de Buenos Aires,-34.60762266844467,-58.38645625343852
Universidad Atlántida Argentina,Universidad Atlántida Argentina,Belgrano 89,http://apis.datos.gob.ar/georef/api/direcciones?direccion=Belgrano 89&provincia=6,"-37.1552476,-57.7427199",,,,,,,,,,,,,,,,,,,,,,-37.1552476,-57.7427199,06518,Mar Chiquita,060518,Mar Chiquita,06,Buenos Aires,-37.1552476,-57.7427199
Universidad Austral,Universidad Austral,Maríano Acosta 1611,http://apis.datos.gob.ar/georef/api/direcciones?direccion=Maríano Acosta 1611&provincia=6," -34.47094214462022, -58.847032888622834",,,,,,,,,,,,,,,,,,,,,, -34.47094214462022, -58.847032888622834,06638,Pilar,060638,Pilar,06,Buenos Aires, -34.47094214462022, -58.847032888622834
Universidad Autónoma de Entre ríos,Universidad Autónoma de Entre ríos,Gral. Justo José de Urquiza 732,http://apis.datos.gob.ar/georef/api/direcciones?direccion=Gral. Justo José de Urquiza 732,"-32.0752125,-61.5334031",,,,,,,,,,,,,,,,,,,,,,-32.0752125,-61.5334031,82126,San Martín,824044,Cañada Rosquín,82,Santa Fe,-32.0752125,-61.5334031
Universidad Blas Pascal,Universidad Blas Pascal,Rodríguez Peña 1085,http://apis.datos.gob.ar/georef/api/direcciones?direccion=Rodríguez Peña 1085&provincia=2,"-34.59603749231513,-58.39193924933041",,,,,,,,,,,,,,,,,,,,,,-34.59603749231513,-58.39193924933041,02014,Comuna 2,,,02,Ciudad Autónoma de Buenos Aires,-34.59603749231513,-58.39193924933041
Universidad CAECE,Universidad CAECE,Av. de Mayo 866,http://apis.datos.gob.ar/georef/api/direcciones?direccion=Av. de Mayo 866,"-34.608865810462795,-58.378716306442456",,,,,,,,,,,,,,,,,,,,,,-34.608865810462795,-58.378716306442456,02007,Comuna 1,,,02,Ciudad Autónoma de Buenos Aires,-34.608865810462795,-58.378716306442456
Universidad Católica de Córdoba,Universidad Católica de Córdoba,Obispo Trejo 323,http://apis.datos.gob.ar/georef/api/direcciones?direccion=Obispo Trejo 323&provincia=14,"-31.4527657,-64.2513093",,,,,,,,,,,,,,,,,,,,,,-31.4527657,-64.2513093,14014,Capital,140077,Córdoba,14,Córdoba,-31.4527657,-64.2513093
Universidad Católica de Cuyo,Universidad Católica de Cuyo,Av. José Ignacio de la Roza 1516,http://apis.datos.gob.ar/georef/api/direcciones?direccion=Av. José Ignacio de la Roza 1516,"-31.5403667,-68.5882198",,,,,,,,,,,,,,,,,,,,,,-31.5403667,-68.5882198,70084,Rivadavia,700084,Rivadavia,70,San Juan,-31.5403667,-68.5882198
Universidad Católica de La Plata,Universidad Católica de La Plata,Av. 13 1227,http://apis.datos.gob.ar/georef/api/direcciones?direccion=Av. 13 1227&provincia=6," -34.924457391060656, -57.950327388915824",,,,,,,,,,,,,,,,,,,,,, -34.924457391060656, -57.950327388915824,06441,La Plata,060441,La Plata,06,Buenos Aires, -34.924457391060656, -57.950327388915824
Universidad Católica de las Misiones,Universidad Católica de las Misiones,Av. Jauretche 3300,,"-27.3558553,-55.9417525",,,,,,,,,,,,,,,,,,,,,,-27.3558553,-55.9417525,54028,Capital,540119,Posadas,54,Misiones,-27.3558553,-55.9417525
Universidad Católica de Salta,Universidad Católica de Salta,Av. Presidente Roque Sáenz Peña 950,http://apis.datos.gob.ar/georef/api/direcciones?direccion=Av. Presidente Roque Sáenz Peña 950&provincia=2,"-24.7399552,-65.3940334",,,,,,,,,,,,,,,,,,,,,,-24.7399552,-65.3940334,66028,Capital,660063,Salta,66,Salta,-24.7399552,-65.3940334
Universidad Católica de Santa Fe,Universidad Católica de Santa Fe,Echagüe 7151,http://apis.datos.gob.ar/georef/api/direcciones?direccion=Echagüe 7151&provincia=82," -31.607095036472234, -60.67088878632154",,,,,,,,,,,,,,,,,,,,,, -31.607095036472234, -60.67088878632154,82063,La Capital,820147,Santa Fe,82,Santa Fe, -31.607095036472234, -60.67088878632154
Universidad Católica de Santiago del Estero,Universidad Católica de Santiago del Estero,Rivadavia 578,http://apis.datos.gob.ar/georef/api/direcciones?direccion=Rivadavia 578&provincia=6,"-34.46911816523541,-58.51514668806574",,,,,,,,,,,,,,,,,,,,,,-34.46911816523541,-58.51514668806574,06756,San Isidro,060756,San Isidro,06,Buenos Aires,-34.46911816523541,-58.51514668806574
Universidad Champagnat,Universidad Champagnat,Belgrano 721,http://apis.datos.gob.ar/georef/api/direcciones?direccion=Belgrano 721,"-33.8848483,-67.5266833",,,,,,,,,,,,,,,,,,,,,,-33.8848483,-67.5266833,50112,Santa Rosa,500112,Santa Rosa,50,Mendoza,-33.8848483,-67.5266833
Universidad de Belgrano,Universidad de Belgrano,Zabala 1837,http://apis.datos.gob.ar/georef/api/direcciones?direccion=Zabala 1837&provincia=2,"-34.564446626972675,-58.44400348234273",,,,,,,,,,,,,,,,,,,,,,-34.564446626972675,-58.44400348234273,02091,Comuna 13,,,02,Ciudad Autónoma de Buenos Aires,-34.564446626972675,-58.44400348234273
Universidad de Buenos Aires,Universidad de Buenos Aires,Viamonte 430,http://apis.datos.gob.ar/georef/api/direcciones?direccion=Viamonte 430&provincia=2,"-34.59971093266858,-58.37308898582941",,,,,,,,,,,,,,,,,,,,,,-34.59971093266858,-58.37308898582941,02007,Comuna 1,,,02,Ciudad Autónoma de Buenos Aires,-34.59971093266858,-58.37308898582941
Universidad de Ciencias Empresariales y Sociales,Universidad de Ciencias Empresariales y Sociales,Paraguay 1401,http://apis.datos.gob.ar/georef/api/direcciones?direccion=Paraguay 1401&provincia=2,"-34.5982797695651,-58.3869599869626",,,,,,,,,,,,,,,,,,,,,,-34.5982797695651,-58.3869599869626,02014,Comuna 2,,,02,Ciudad Autónoma de Buenos Aires,-34.5982797695651,-58.3869599869626
Universidad de Concepción del Uruguay,Universidad de Concepción del Uruguay,8 de Junio 522,,"-32.4815741,-58.2318849",,,,,,,,,,,,,,,,,,,,,,-32.4815741,-58.2318849,30098,Uruguay,,,30,Entre Ríos,-32.4815741,-58.2318849
Universidad de Congreso,Universidad de Congreso,Av. Callao 150,,"-34.6021519,-58.3890774",,,,,,,,,,,,,,,,,,,,,,-34.6021519,-58.3890774,02007,Comuna 1,,,02,Ciudad Autónoma de Buenos Aires,-34.6021519,-58.3890774
Universidad de Flores,Universidad de Flores,Av. Rivadavia 5741,,"-34.6274699,-58.4589968",,,,,,,,,,,,,,,,,,,,,,-34.6274699,-58.4589968,02049,Comuna 7,,,02,Ciudad Autónoma de Buenos Aires,-34.6274699,-58.4589968
Universidad de la Cuenca del Plata,Universidad de la Cuenca del Plata,Donovan 521,http://apis.datos.gob.ar/georef/api/direcciones?direccion=Donovan 521,"-27.3750927,-55.9028806",,,,,,,,,,,,,,,,,,,,,,-27.3750927,-55.9028806,54028,Capital,540119,Posadas,54,Misiones,-27.3750927,-55.9028806
Universidad de la Defensa Nacional,Universidad de la Defensa Nacional,Maipú 262,,"-34.6050036,-58.3788407",,,,,,,,,,,,,,,,,,,,,,-34.6050036,-58.3788407,02007,Comuna 1,,,02,Ciudad Autónoma de Buenos Aires,-34.6050036,-58.3788407
Universidad de la Fraternidad de Agrupaciones Santo Tomás de Aquino,Universidad de la Fraternidad de Agrupaciones Santo Tomás de Aquino,Avellaneda 3341,http://apis.datos.gob.ar/georef/api/direcciones?direccion=Avellaneda 3341&provincia=6,"-38.00719142806125,-57.563677285266195",,,,,,,,,,,,,,,,,,,,,,-38.00719142806125,-57.563677285266195,06357,General Pueyrredón,060357,General Pueyrredón,06,Buenos Aires,-38.00719142806125,-57.563677285266195
Universidad de la Marina Mercante,Universidad de la Marina Mercante,Av. Rivadavia 2258,http://apis.datos.gob.ar/georef/api/direcciones?direccion=Av. Rivadavia 2258&provincia=2," -34.60965001204205, -58.398471321349234",,,,,,,,,,,,,,,,,,,,,, -34.60965001204205, -58.398471321349234,02021,Comuna 3,,,02,Ciudad Autónoma de Buenos Aires, -34.60965001204205, -58.398471321349234
Universidad de Mendoza,Universidad de Mendoza,Av. Boulogne Sur Mer 683,http://apis.datos.gob.ar/georef/api/direcciones?direccion=Av. Boulogne Sur Mer 683&provincia=50,"-32.8916714,-68.8635323",,,,,,,,,,,,,,,,,,,,,,-32.8916714,-68.8635323,50007,Capital,500007,Capital,50,Mendoza,-32.8916714,-68.8635323
Universidad de Morón,Universidad de Morón,Cabildo 134,http://apis.datos.gob.ar/georef/api/direcciones?direccion=Cabildo 134&provincia=6," -34.64724004619001, -58.61977592468715",,,,,,,,,,,,,,,,,,,,,, -34.64724004619001, -58.61977592468715,06568,Morón,060568,Morón,06,Buenos Aires, -34.64724004619001, -58.61977592468715
Universidad de Palermo,Universidad de Palermo,Marío Bravo 1050,http://apis.datos.gob.ar/georef/api/direcciones?direccion=Marío Bravo 1050&provincia=2,"-34.5972849453752,-58.41576251085405",,,,,,,,,,,,,,,,,,,,,,-34.5972849453752,-58.41576251085405,02098,Comuna 14,,,02,Ciudad Autónoma de Buenos Aires,-34.5972849453752,-58.41576251085405
Universidad de San Andrés,Universidad de San Andrés,Vito Dumas 284,,"-34.4461156,-58.5321377",,,,,,,,,,,,,,,,,,,,,,-34.4461156,-58.5321377,06749,San Fernando,060749,San Fernando,06,Buenos Aires,-34.4461156,-58.5321377
"Universidad de San Isidro ""Dr. Plácido Marín""","Universidad de San Isidro ""Dr. Plácido Marín""",Av. del Libertador 17175,,"-34.4617796,-58.5203287",,,,,,,,,,,,,,,,,,,,,,-34.4617796,-58.5203287,06756,San Isidro,060756,San Isidro,06,Buenos Aires,-34.4617796,-58.5203287
Universidad del Aconcagua,Universidad del Aconcagua,Catamarca 147,http://apis.datos.gob.ar/georef/api/direcciones?direccion=Catamarca 147&provincia=50,"-32.889702977248035,-68.836339205674",,,,,,,,,,,,,,,,,,,,,,-32.889702977248035,-68.836339205674,50007,Capital,500007,Capital,50,Mendoza,-32.889702977248035,-68.836339205674
Universidad del CEMA,Universidad del CEMA,Av. Córdoba 374,http://apis.datos.gob.ar/georef/api/direcciones?direccion=Av. Córdoba 374&provincia=2,"-34.598493489787174,-58.37246198342438",,,,,,,,,,,,,,,,,,,,,,-34.598493489787174,-58.37246198342438,02007,Comuna 1,,,02,Ciudad Autónoma de Buenos Aires,-34.598493489787174,-58.37246198342438
Universidad del Centro Educativo Latinoamericano,Universidad del Centro Educativo Latinoamericano,Av. Pellegrini 1332,http://apis.datos.gob.ar/georef/api/direcciones?direccion=Av. Pellegrini 1332&provincia=82,"-32.9565784932488,-60.6441042488731",,,,,,,,,,,,,,,,,,,,,,-32.9565784932488,-60.6441042488731,82084,Rosario,,,82,Santa Fe,-32.9565784932488,-60.6441042488731
Universidad del Cine,Universidad del Cine,Dr. José Modesto Giuffra 330,,"-34.617846,-58.3728309",,,,,,,,,,,,,,,,,,,,,,-34.617846,-58.3728309,02007,Comuna 1,,,02,Ciudad Autónoma de Buenos Aires,-34.617846,-58.3728309
Universidad del Congreso,Universidad del Congreso,Maipú 942,http://apis.datos.gob.ar/georef/api/direcciones?direccion=Maipú 942&provincia=2,"-34.597041549129365,-58.37693167637579",,,,,,,,,,,,,,,,,,,,,,-34.597041549129365,-58.37693167637579,02007,Comuna 1,,,02,Ciudad Autónoma de Buenos Aires,-34.597041549129365,-58.37693167637579
Universidad del Este,Universidad del Este,Calle 2 684,,"-34.9072705,-57.9504423",,,,,,,,,,,,,,,,,,,,,,-34.9072705,-57.9504423,06441,La Plata,060441,La Plata,06,Buenos Aires,-34.9072705,-57.9504423
Universidad del Museo Social Argentino,Universidad del Museo Social Argentino,Av. Corrientes 1723,,"-34.6047031,-58.3922666",,,,,,,,,,,,,,,,,,,,,,-34.6047031,-58.3922666,02021,Comuna 3,,,02,Ciudad Autónoma de Buenos Aires,-34.6047031,-58.3922666
Universidad del Norte Santo Tomás de Aquino,Universidad del Norte Santo Tomás de Aquino,9 de Julio 165,http://apis.datos.gob.ar/georef/api/direcciones?direccion=9 de Julio 165,"-26.832849,-65.2075185",,,,,,,,,,,,,,,,,,,,,,-26.832849,-65.2075185,90084,Capital,900014,Municipalidad de San Miguel De Tucuman,90,Tucumán,-26.832849,-65.2075185
Universidad del Salvador,Universidad del Salvador,Av. Córdoba 1601,http://apis.datos.gob.ar/georef/api/direcciones?direccion=Av. Córdoba 1601&provincia=2,"-34.5994421892955,-58.3896679387133",,,,,,,,,,,,,,,,,,,,,,-34.5994421892955,-58.3896679387133,02014,Comuna 2,,,02,Ciudad Autónoma de Buenos Aires,-34.5994421892955,-58.3896679387133
Universidad Empresarial Siglo 21,Universidad Empresarial Siglo 21,De los Latinos 8555,http://apis.datos.gob.ar/georef/api/direcciones?direccion=De los Latinos 8555,"-31.3279965,-64.2286782",,,,,,,,,,,,,,,,,,,,,,-31.3279965,-64.2286782,14014,Capital,140077,Córdoba,14,Córdoba,-31.3279965,-64.2286782
Universidad Favaloro,Universidad Favaloro,Av. Entre Ríos 495,http://apis.datos.gob.ar/georef/api/direcciones?direccion=Av. Entre Ríos 495&provincia=2," -34.614872720152945, -58.39167679293044",,,,,,,,,,,,,,,,,,,,,, -34.614872720152945, -58.39167679293044,02021,Comuna 3,,,02,Ciudad Autónoma de Buenos Aires, -34.614872720152945, -58.39167679293044
Universidad Gastón Dachary,Universidad Gastón Dachary,"Salta 1912, posadas","http://apis.datos.gob.ar/georef/api/direcciones?direccion=Salta 1912, posadas","-27.3706143,-55.9352656",,,,,,,,,,,,,,,,,,,,,,-27.3706143,-55.9352656,54028,Capital,540119,Posadas,54,Misiones,-27.3706143,-55.9352656
Universidad ISALUD,Universidad ISALUD,Venezuela 847,,"-34.6139929,-58.3804476",,,,,,,,,,,,,,,,,,,,,,-34.6139929,-58.3804476,02007,Comuna 1,,,02,Ciudad Autónoma de Buenos Aires,-34.6139929,-58.3804476
Universidad Juan Agustín Maza,Universidad Juan Agustín Maza,Lateral Sur del Acceso Este 2245,http://apis.datos.gob.ar/georef/api/direcciones?direccion=Lateral Sur del Acceso Este 2245,"-32.95403678084001,-68.83214028295434",,,,,,,,,,,,,,,,,,,,,,-32.95403678084001,-68.83214028295434,50021,Godoy Cruz,500021,Godoy Cruz,50,Mendoza,-32.95403678084001,-68.83214028295434
Universidad Maimónides,Universidad Maimónides,Hidalgo 775,http://apis.datos.gob.ar/georef/api/direcciones?direccion=Hidalgo 775&provincia=2,"-34.61053895477871,-58.44103541301811",,,,,,,,,,,,,,,,,,,,,,-34.61053895477871,-58.44103541301811,02042,Comuna 6,,,02,Ciudad Autónoma de Buenos Aires,-34.61053895477871,-58.44103541301811
Universidad Metropolitana para la Educación y el Trabajo,Universidad Metropolitana para la Educación y el Trabajo,Sarmiento 2037,,"-34.6058,-58.3979779",,,,,,,,,,,,,,,,,,,,,,-34.6058,-58.3979779,02021,Comuna 3,,,02,Ciudad Autónoma de Buenos Aires,-34.6058,-58.3979779
Universidad Nacional Arturo Jauretche,Universidad Nacional Arturo Jauretche,Calchaquí 6200,http://apis.datos.gob.ar/georef/api/direcciones?direccion=Calchaquí 6200&provincia=6,"-34.7751429,-58.2701046",,,,,,,,,,,,,,,,,,,,,,-34.7751429,-58.2701046,06274,Florencio Varela,060274,Florencio Varela,06,Buenos Aires,-34.7751429,-58.2701046
Universidad Nacional de Avellaneda,Universidad Nacional de Avellaneda,12 de Octubre 463,http://apis.datos.gob.ar/georef/api/direcciones?direccion=12 de Octubre 463&provincia=6,"-34.72925803087015,-58.263119285544974",,,,,,,,,,,,,,,,,,,,,,-34.72925803087015,-58.263119285544974,06658,Quilmes,060658,Quilmes,06,Buenos Aires,-34.72925803087015,-58.263119285544974
Universidad Nacional de Catamarca,Universidad Nacional de Catamarca,Esquiú 799,http://apis.datos.gob.ar/georef/api/direcciones?direccion=Esquiú 799,"-28.459001,-65.7854021",,,,,,,,,,,,,,,,,,,,,,-28.459001,-65.7854021,10049,Capital,100140,San Fernando del Valle de Catamarca,10,Catamarca,-28.459001,-65.7854021
Universidad Nacional de Chilecito,Universidad Nacional de Chilecito,s/d,,"-29.1565622,-67.4730232",,,,,,,,,,,,,,,,,,,,,,-29.1565622,-67.4730232,46042,Chilecito,460042,Chilecito,46,La Rioja,-29.1565622,-67.4730232
Universidad Nacional de Córdoba,Universidad Nacional de Córdoba,Av. Haya de la Torre s/n,http://apis.datos.gob.ar/georef/api/direcciones?direccion=Av. Haya de la Torre s/n&provincia=14,"-31.4354809,-64.1877589",,,,,,,,,,,,,,,,,,,,,,-31.4354809,-64.1877589,14014,Capital,140077,Córdoba,14,Córdoba,-31.4354809,-64.1877589
Universidad Nacional de Cuyo,Universidad Nacional de Cuyo,"Centro Universitario, M5500",,"-32.8807275,-68.8801746",,,,,,,,,,,,,,,,,,,,,,-32.8807275,-68.8801746,50007,Capital,500007,Capital,50,Mendoza,-32.8807275,-68.8801746
Universidad Nacional de Entre ríos,Universidad Nacional de Entre ríos,Eva Perón 24,http://apis.datos.gob.ar/georef/api/direcciones?direccion=Eva Perón 24,"-31.624005177104273,-58.50507853279984",,,,,,,,,,,,,,,,,,,,,,-31.624005177104273,-58.50507853279984,30088,San Salvador,,,30,Entre Ríos,-31.624005177104273,-58.50507853279984
Universidad Nacional de Formosa,Universidad Nacional de Formosa,Av. formosa 3200,http://apis.datos.gob.ar/georef/api/direcciones?direccion=Av. formosa 3200,"-26.1921994,-58.2024444",,,,,,,,,,,,,,,,,,,,,,-26.1921994,-58.2024444,34014,Formosa,340028,Formosa,34,Formosa,-26.1921994,-58.2024444
Universidad Nacional de General Sarmiento,Universidad Nacional de General Sarmiento,Juan María Gutiérrez 1150,http://apis.datos.gob.ar/georef/api/direcciones?direccion=Juan María Gutiérrez 1150&provincia=6," -34.492332720554565, -58.664685936227905",,,,,,,,,,,,,,,,,,,,,, -34.492332720554565, -58.664685936227905,06515,Malvinas Argentinas,060515,Malvinas Argentinas,06,Buenos Aires, -34.492332720554565, -58.664685936227905
Universidad Nacional de Hurlingham,Universidad Nacional de Hurlingham,Tte. Manuel Origone 151,,"-34.6174248,-58.6369253",,,,,,,,,,,,,,,,,,,,,,-34.6174248,-58.6369253,06408,Hurlingham,060408,Hurlingham,06,Buenos Aires,-34.6174248,-58.6369253
Universidad Nacional de Jujuy,Universidad Nacional de Jujuy,Av. Bolivia 1239,http://apis.datos.gob.ar/georef/api/direcciones?direccion=Av. Bolivia 1239,"-24.1826176,-65.3203807",,,,,,,,,,,,,,,,,,,,,,-24.1826176,-65.3203807,38021,Dr. Manuel Belgrano,380035,San Salvador de Jujuy,38,Jujuy,-24.1826176,-65.3203807
Universidad Nacional de La Matanza,Universidad Nacional de La Matanza,Florencio Varela 1903,http://apis.datos.gob.ar/georef/api/direcciones?direccion=Florencio Varela 1903&provincia=6,"-34.67069602536431,-58.5625432692672",,,,,,,,,,,,,,,,,,,,,,-34.67069602536431,-58.5625432692672,06427,La Matanza,060427,La Matanza,06,Buenos Aires,-34.67069602536431,-58.5625432692672
Universidad Nacional de La Pampa,Universidad Nacional de La Pampa,Uruguay 151,http://apis.datos.gob.ar/georef/api/direcciones?direccion=Uruguay 151,"-36.1446255,-64.5963517",,,,,,,,,,,,,,,,,,,,,,-36.1446255,-64.5963517,42035,Conhelo,420098,Conhelo,42,La Pampa,-36.1446255,-64.5963517
Universidad Nacional de la Patagonia Austral,Universidad Nacional de la Patagonia Austral,"Ruta Nacional 3, Z9011 ","http://apis.datos.gob.ar/georef/api/direcciones?direccion=Ruta Nacional 3, Z9011 ","-46.4336028,-67.5229963",,,,,,,,,,,,,,,,,,,,,,-46.4336028,-67.5229963,78014,Deseado,,,78,Santa Cruz,-46.4336028,-67.5229963
Universidad Nacional de la Patagonia San Juan Bosco,Universidad Nacional de la Patagonia San Juan Bosco,Sarmiento 849,http://apis.datos.gob.ar/georef/api/direcciones?direccion=Sarmiento 849&provincia=26,"-42.91147305328778,-71.32234601161547",,,,,,,,,,,,,,,,,,,,,,-42.91147305328778,-71.32234601161547,26035,Futaleufú,260077,Esquel,26,Chubut,-42.91147305328778,-71.32234601161547
Universidad Nacional de La Plata,Universidad Nacional de La Plata,Av. 7 776,http://apis.datos.gob.ar/georef/api/direcciones?direccion=Av. 7 776&provincia=6,"-34.89439984475497,-57.97717980074897",,,,,,,,,,,,,,,,,,,,,,-34.89439984475497,-57.97717980074897,06441,La Plata,060441,La Plata,06,Buenos Aires,-34.89439984475497,-57.97717980074897
Universidad Nacional de La Rioja,Universidad Nacional de La Rioja,Av. Luis M. de la Fuente,http://apis.datos.gob.ar/georef/api/direcciones?direccion=Av. Luis M. de la Fuente,"-29.4298962,-66.8709593",,,,,,,,,,,,,,,,,,,,,,-29.4298962,-66.8709593,46014,Capital,460014,Capital,46,La Rioja,-29.4298962,-66.8709593
Universidad Nacional de Lanús,Universidad Nacional de Lanús,29 de septiembre 3901,http://apis.datos.gob.ar/georef/api/direcciones?direccion=29 de septiembre 3901&provincia=6,"-34.7355208,-58.3932694",,,,,,,,,,,,,,,,,,,,,,-34.7355208,-58.3932694,06434,Lanús,060434,Lanús,06,Buenos Aires,-34.7355208,-58.3932694
Universidad Nacional de las Artes,Universidad Nacional de las Artes,Av. Ing Huergo 1433,,"-34.6094209,-58.4066206",,,,,,,,,,,,,,,,,,,,,,-34.6094209,-58.4066206,02021,Comuna 3,,,02,Ciudad Autónoma de Buenos Aires,-34.6094209,-58.4066206
Universidad Nacional de Lomas de Zamora,Universidad Nacional de Lomas de Zamora,Camino de Cintura y Juan XXIII,http://apis.datos.gob.ar/georef/api/direcciones?direccion=Camino de Cintura y Juan XXIII&provincia=6,"-34.7765037,-58.4591023",,,,,,,,,,,,,,,,,,,,,,-34.7765037,-58.4591023,06490,Lomas de Zamora,060490,Lomas de Zamora,06,Buenos Aires,-34.7765037,-58.4591023
Universidad Nacional de Luján,Universidad Nacional de Luján,"Avenida Constitución, Ruta 5","http://apis.datos.gob.ar/georef/api/direcciones?direccion=Avenida Constitución, Ruta 5&provincia=6","-34.5774091,-59.0909557",,,,,,,,,,,,,,,,,,,,,,-34.5774091,-59.0909557,06497,Luján,060497,Luján,06,Buenos Aires,-34.5774091,-59.0909557
Universidad Nacional de Mar del Plata,Universidad Nacional de Mar del Plata,"Deán Funes 3350,","http://apis.datos.gob.ar/georef/api/direcciones?direccion=Deán Funes 3350,&provincia=6","-38.0057920156254,-57.5715790666085",,,,,,,,,,,,,,,,,,,,,,-38.0057920156254,-57.5715790666085,06357,General Pueyrredón,060357,General Pueyrredón,06,Buenos Aires,-38.0057920156254,-57.5715790666085
Universidad Nacional de Misiones,Universidad Nacional de Misiones,Fernando Elias LLamosas 9400,http://apis.datos.gob.ar/georef/api/direcciones?direccion=Fernando Elias LLamosas 9400,"-27.3996326,-55.9256125",,,,,,,,,,,,,,,,,,,,,,-27.3996326,-55.9256125,54028,Capital,540119,Posadas,54,Misiones,-27.3996326,-55.9256125
Universidad Nacional de Moreno,Universidad Nacional de Moreno,Av. Bartolomé Mitre 1891,,"-34.6525807,-58.7791501",,,,,,,,,,,,,,,,,,,,,,-34.6525807,-58.7791501,06560,Moreno,060560,Moreno,06,Buenos Aires,-34.6525807,-58.7791501
Universidad Nacional de Quilmes,Universidad Nacional de Quilmes,Roque Sáenz Peña 352,http://apis.datos.gob.ar/georef/api/direcciones?direccion=Roque Sáenz Peña 352&provincia=6,"-34.7064966,-58.2807187",,,,,,,,,,,,,,,,,,,,,,-34.7064966,-58.2807187,06658,Quilmes,060658,Quilmes,06,Buenos Aires,-34.7064966,-58.2807187
Universidad Nacional de Rafaela,Universidad Nacional de Rafaela,Bv. Pres. Julio A. Roca 989,,"-31.2511417,-61.5046662",,,,,,,,,,,,,,,,,,,,,,-31.2511417,-61.5046662,82021,Castellanos,820042,Rafaela,82,Santa Fe,-31.2511417,-61.5046662
Universidad Nacional de río Cuarto,Universidad Nacional de río Cuarto,Ruta Nac. 36 - Km. 601,http://apis.datos.gob.ar/georef/api/direcciones?direccion=Ruta Nac. 36 - Km. 601&provincia=14,"-33.084594014186514,-64.3349444221352",,,,,,,,,,,,,,,,,,,,,,-33.084594014186514,-64.3349444221352,14098,Río Cuarto,140861,Río Cuarto,14,Córdoba,-33.084594014186514,-64.3349444221352
Universidad Nacional de río Negro,Universidad Nacional de río Negro,Don Bosco 500,http://apis.datos.gob.ar/georef/api/direcciones?direccion=Don Bosco 500,"  -39.0279881065646, -67.58044691129079",,,,,,,,,,,,,,,,,,,,,,  -39.0279881065646, -67.58044691129079,62042,General Roca,620161,Gral. Roca,62,Río Negro,  -39.0279881065646, -67.58044691129079
Universidad Nacional de Rosario,Universidad Nacional de Rosario,Maipú 1065,http://apis.datos.gob.ar/georef/api/direcciones?direccion=Maipú 1065&provincia=82,"-32.950309649805945,-60.636126952347716",,,,,,,,,,,,,,,,,,,,,,-32.950309649805945,-60.636126952347716,82084,Rosario,,,82,Santa Fe,-32.950309649805945,-60.636126952347716
Universidad Nacional de Salta,Universidad Nacional de Salta,Av Bolivia 5150,http://apis.datos.gob.ar/georef/api/direcciones?direccion=Av Bolivia 5150&provincia=66,"-24.7280281,-65.4114867",,,,,,,,,,,,,,,,,,,,,,-24.7280281,-65.4114867,66028,Capital,660063,Salta,66,Salta,-24.7280281,-65.4114867
Universidad Nacional de San Juan,Universidad Nacional de San Juan,Mitre 396,http://apis.datos.gob.ar/georef/api/direcciones?direccion=Mitre 396,"-31.5354691,-68.5412352,15",,,,,,,,,,,,,,,,,,,,,,-31.5354691,-68.5412352,70028,Capital,700028,San Juan,70,San Juan,-31.5354691,-68.5412352
Universidad Nacional de San Luis,Universidad Nacional de San Luis,Ejército de los Andes 950,http://apis.datos.gob.ar/georef/api/direcciones?direccion=Ejército de los Andes 950,"-33.2962223,-66.3441194",,,,,,,,,,,,,,,,,,,,,,-33.2962223,-66.3441194,74056,Juan Martín de Pueyrredón,740133,San Luis,74,San Luis,-33.2962223,-66.3441194
Universidad Nacional de San Martín,Universidad Nacional de San Martín,Ramsay 2250,http://apis.datos.gob.ar/georef/api/direcciones?direccion=Ramsay 2250,"-34.550664100769964,-58.441134539431594",,,,,,,,,,,,,,,,,,,,,,-34.550664100769964,-58.441134539431594,02091,Comuna 13,,,02,Ciudad Autónoma de Buenos Aires,-34.550664100769964,-58.441134539431594
Universidad Nacional de Santiago del Estero,Universidad Nacional de Santiago del Estero,Avenida Belgrano Sur 1912,http://apis.datos.gob.ar/georef/api/direcciones?direccion=Avenida Belgrano Sur 1912,"-27.8014246,-64.2531763",,,,,,,,,,,,,,,,,,,,,,-27.8014246,-64.2531763,86049,Capital,,,86,Santiago del Estero,-27.8014246,-64.2531763
"Universidad Nacional de Tierra del Fuego, Antártida e Islas del Atlántico Sur","Universidad Nacional de Tierra del Fuego, Antártida e Islas del Atlántico Sur",Fuegia Basket 251,http://apis.datos.gob.ar/georef/api/direcciones?direccion=Fuegia Basket 251&provincia=94," -54.81888630058655, -68.32552591092275",,,,,,,,,,,,,,,,,,,,,, -54.81888630058655, -68.32552591092275,94015,Ushuaia,940014,Ushuaia,94,"Tierra del Fuego, Antártida e Islas del Atlántico Sur", -54.81888630058655, -68.32552591092275
Universidad Nacional de Tres de Febrero,Universidad Nacional de Tres de Febrero,Av. Gral. Mosconi 2736,http://apis.datos.gob.ar/georef/api/direcciones?direccion=Av. Gral. Mosconi 2736&provincia=6,"-34.6050318,-58.5665275",,,,,,,,,,,,,,,,,,,,,,-34.6050318,-58.5665275,06840,Tres de Febrero,060840,Tres de Febrero,06,Buenos Aires,-34.6050318,-58.5665275
Universidad Nacional de Tucumán,Universidad Nacional de Tucumán,Batalla de Ayacucho 491,http://apis.datos.gob.ar/georef/api/direcciones?direccion=Batalla de Ayacucho 491,"-26.8363912,-65.2133295",,,,,,,,,,,,,,,,,,,,,,-26.8363912,-65.2133295,90084,Capital,900014,Municipalidad de San Miguel De Tucuman,90,Tucumán,-26.8363912,-65.2133295
Universidad Nacional de Villa María,Universidad Nacional de Villa María,Arturo Jauretche 1555,http://apis.datos.gob.ar/georef/api/direcciones?direccion=Arturo Jauretche 1555&provincia=14,"-32.3995102,-63.2651483",,,,,,,,,,,,,,,,,,,,,,-32.3995102,-63.2651483,14042,General San Martín,140357,Villa María,14,Córdoba,-32.3995102,-63.2651483
Universidad Nacional de Villa Mercedes,Universidad Nacional de Villa Mercedes,Las Heras 383,http://apis.datos.gob.ar/georef/api/direcciones?direccion=Las Heras 383,"-33.6865689,-65.4698988",,,,,,,,,,,,,,,,,,,,,,-33.6865689,-65.4698988,74035,General Pedernera,740077,Villa Mercedes,74,San Luis,-33.6865689,-65.4698988
Universidad Nacional del Centro de la Provincia de Buenos Aires,Universidad Nacional del Centro de la Provincia de Buenos Aires,Pinto 399,http://apis.datos.gob.ar/georef/api/direcciones?direccion=Pinto 399&provincia=6,"-37.3285417102325,-59.1380501689951",,,,,,,,,,,,,,,,,,,,,,-37.3285417102325,-59.1380501689951,06791,Tandil,060791,Tandil,06,Buenos Aires,-37.3285417102325,-59.1380501689951
Universidad Nacional del Chaco Austral,Universidad Nacional del Chaco Austral,Fernández 755,http://apis.datos.gob.ar/georef/api/direcciones?direccion=Fernández 755,"-26.8017124,-60.4491146",,,,,,,,,,,,,,,,,,,,,,-26.8017124,-60.4491146,22021,Comandante Fernández,220077,Presidencia Roque Sáenz Peña,22,Chaco,-26.8017124,-60.4491146
Universidad Nacional del Comahue,Universidad Nacional del Comahue,Av. Santa Fe 1845,http://apis.datos.gob.ar/georef/api/direcciones?direccion=Av. Santa Fe 1845&provincia=2,"-34.59583822943477,-58.393932130303796",,,,,,,,,,,,,,,,,,,,,,-34.59583822943477,-58.393932130303796,02014,Comuna 2,,,02,Ciudad Autónoma de Buenos Aires,-34.59583822943477,-58.393932130303796
Universidad Nacional del Litoral,Universidad Nacional del Litoral,San Jerónimo 3231,http://apis.datos.gob.ar/georef/api/direcciones?direccion=San Jerónimo 3231&provincia=82," -31.638260020689607, -60.70559340518095",,,,,,,,,,,,,,,,,,,,,, -31.638260020689607, -60.70559340518095,82063,La Capital,820147,Santa Fe,82,Santa Fe, -31.638260020689607, -60.70559340518095
Universidad Nacional del Nordeste,Universidad Nacional del Nordeste,25 de mayo 868,http://apis.datos.gob.ar/georef/api/direcciones?direccion=25 de mayo 868,"-27.4607657,-58.9542543",,,,,,,,,,,,,,,,,,,,,,-27.4607657,-58.9542543,22140,San Fernando,220413,Resistencia,22,Chaco,-27.4607657,-58.9542543
Universidad Nacional del Noroeste de la Provincia de Buenos Aires,Universidad Nacional del Noroeste de la Provincia de Buenos Aires,Roque Saenz Peña 456,http://apis.datos.gob.ar/georef/api/direcciones?direccion=Roque Saenz Peña 456&provincia=6," -34.861684718919854, -61.52755638690734",,,,,,,,,,,,,,,,,,,,,, -34.861684718919854, -61.52755638690734,06469,Lincoln,060469,Lincoln,06,Buenos Aires, -34.861684718919854, -61.52755638690734
Universidad Nacional del Oeste,Universidad Nacional del Oeste,Gral. Manuel Belgrano 369,http://apis.datos.gob.ar/georef/api/direcciones?direccion=Gral. Manuel Belgrano 369&provincia=6,"-34.65254628739099,-58.62119862036371",,,,,,,,,,,,,,,,,,,,,,-34.65254628739099,-58.62119862036371,06568,Morón,060568,Morón,06,Buenos Aires,-34.65254628739099,-58.62119862036371
Universidad Nacional del Sur,Universidad Nacional del Sur,Av. Alem 1253,http://apis.datos.gob.ar/georef/api/direcciones?direccion=Av. Alem 1253&provincia=6,"-38.67866305629395,-62.29611089500422",,,,,,,,,,,,,,,,,,,,,,-38.67866305629395,-62.29611089500422,06056,Bahía Blanca,060056,Bahía Blanca,06,Buenos Aires,-38.67866305629395,-62.29611089500422
Universidad Nacional José C. Paz,Universidad Nacional José C. Paz,Leandro N. Alem 4731,http://apis.datos.gob.ar/georef/api/direcciones?direccion=Leandro N. Alem 4731&provincia=6,"-34.521483660692496,-58.745796901146605",,,,,,,,,,,,,,,,,,,,,,-34.521483660692496,-58.745796901146605,06412,José C. Paz,060412,José C. Paz,06,Buenos Aires,-34.521483660692496,-58.745796901146605
Universidad Notarial Argentina,Universidad Notarial Argentina,Av. 51 435,,"-34.750524,-58.308108",,,,,,,,,,,,,,,,,,,,,,-34.750524,-58.308108,06658,Quilmes,060658,Quilmes,06,Buenos Aires,-34.750524,-58.308108
Universidad Pedagógica Nacional,Universidad Pedagógica Nacional,Piedras 1080,,"-34.61955811945053,-58.37559426109925",,,,,,,,,,,,,,,,,,,,,,-34.61955811945053,-58.37559426109925,02007,Comuna 1,,,02,Ciudad Autónoma de Buenos Aires,-34.61955811945053,-58.37559426109925
Universidad Popular Madres de Plaza de Mayo,Universidad Popular Madres de Plaza de Mayo,Av. Hipólito Yrigoyen 1584,,"-34.6100495,-58.3908878",,,,,,,,,,,,,,,,,,,,,,-34.6100495,-58.3908878,02007,Comuna 1,,,02,Ciudad Autónoma de Buenos Aires,-34.6100495,-58.3908878
Universidad Provincial de Ezeiza,Universidad Provincial de Ezeiza,Alfonsina Storni 41,,"-34.7895235,-58.5231426",,,,,,,,,,,,,,,,,,,,,,-34.7895235,-58.5231426,06270,José M. Ezeiza,060270,Ezeiza,06,Buenos Aires,-34.7895235,-58.5231426
Universidad Provincial del Sudoeste,Universidad Provincial del Sudoeste,Cd. de Cali 320,,"-36.6196788,-62.5506754",,,,,,,,,,,,,,,,,,,,,,-36.6196788,-62.5506754,06399,Guaminí,060399,Guaminí,06,Buenos Aires,-36.6196788,-62.5506754
Universidad Salesiana Argentina,Universidad Salesiana Argentina,Gorriti 1249,,"-38.7225345,-62.282452",,,,,,,,,,,,,,,,,,,,,,-38.7225345,-62.282452,06056,Bahía Blanca,060056,Bahía Blanca,06,Buenos Aires,-38.7225345,-62.282452
Universidad Tecnológica Nacional,Universidad Tecnológica Nacional,Sarmiento 440,http://apis.datos.gob.ar/georef/api/direcciones?direccion=Sarmiento 440&provincia=2,"-34.61847060349939,-58.45044388901235",,,,,,,,,,,,,,,,,,,,,,-34.61847060349939,-58.45044388901235,02042,Comuna 6,,,02,Ciudad Autónoma de Buenos Aires,-34.61847060349939,-58.45044388901235
Universidad Torcuato Di Tella,Universidad Torcuato Di Tella,Av. Pres. Figueroa Alcorta 7350,,"-34.5476972,-58.4489394",,,,,,,,,,,,,,,,,,,,,,-34.5476972,-58.4489394,02091,Comuna 13,,,02,Ciudad Autónoma de Buenos Aires,-34.5476972,-58.4489394
Universitá Degli Studi di Bologna,Universitá Degli Studi di Bologna,"Via Zamboni, 33",,"44.4679091,11.2955076,12",,,,,,,,,,,,,,,,,,,,,,44.4679091,11.2955076,,,,,,,44.4679091,11.2955076
